"VEG_POT","UPAYS_REG","ind","supTot","codInd"
"RE2",177,"RE2_177",376.125,1
"RE1",177,"RE1_177",133,2
"RE3",177,"RE3_177",46.875,3
"RS2",177,"RS2_177",294.8125,4
"RS2",176,"RS2_176",2443.5,5
"RE2",176,"RE2_176",1201.125,6
"RE1",176,"RE1_176",443.4375,7
"RS2",175,"RS2_175",186.3125,8
"RE2",175,"RE2_175",138.625,9
"RE3",176,"RE3_176",168.75,10
"RE3",175,"RE3_175",30.25,11
"RE1",175,"RE1_175",97.875,12
"MS2",175,"MS2_175",6.9375,13
"MS2",176,"MS2_176",126.375,14
"MS2",177,"MS2_177",7.8125,15
"RE4",177,"RE4_177",0.0625,16
"RS2",152,"RS2_152",1381.1875,17
"RE1",137,"RE1_137",132.0625,18
"RE2",137,"RE2_137",1129.5,19
"RE3",137,"RE3_137",136.4375,20
"RE2",152,"RE2_152",223.1875,21
"MS2",152,"MS2_152",93.625,22
"RS2",137,"RS2_137",901.6875,23
"MS2",137,"MS2_137",28.25,24
"RE2",151,"RE2_151",747.125,25
"RE3",151,"RE3_151",158.875,26
"RE1",151,"RE1_151",161.75,27
"RS2",151,"RS2_151",394.5625,28
"RE2",746,"RE2_746",1.5,29
"RE1",746,"RE1_746",1.0625,30
"RE1",152,"RE1_152",68.4375,31
"MS2",151,"MS2_151",4.9375,32
"RE3",152,"RE3_152",42.625,33
"RE2",145,"RE2_145",520.375,34
"RS2",153,"RS2_153",374.5,35
"RE2",153,"RE2_153",44.6875,36
"RS2",145,"RS2_145",3083.125,37
"MS2",153,"MS2_153",8.4375,38
"RE1",145,"RE1_145",114.0625,39
"RE3",145,"RE3_145",76.8125,40
"RE1",153,"RE1_153",8.875,41
"RE4",153,"RE4_153",0.1875,42
"RE3",153,"RE3_153",8.3125,43
"RS2",155,"RS2_155",770.3125,44
"RS2",154,"RS2_154",3215.1875,45
"RE3",154,"RE3_154",112.625,46
"RE2",154,"RE2_154",641.6875,47
"RE2",155,"RE2_155",93.1875,48
"RE1",138,"RE1_138",472.5625,49
"RE1",154,"RE1_154",311.5625,50
"RE2",138,"RE2_138",2969.1875,51
"RE1",139,"RE1_139",721.125,52
"MS2",154,"MS2_154",51.8125,53
"RE2",139,"RE2_139",2105,54
"RE3",139,"RE3_139",368.5,55
"RS2",139,"RS2_139",1286.75,56
"RE1",155,"RE1_155",25.625,57
"MS2",155,"MS2_155",39.5,58
"RE3",155,"RE3_155",14.375,59
"RE3",138,"RE3_138",409.875,60
"RE2",136,"RE2_136",1208.75,61
"RE1",136,"RE1_136",95.4375,62
"RE3",136,"RE3_136",237.6875,63
"RS2",138,"RS2_138",1232.5625,64
"RS2",136,"RS2_136",795.4375,65
"LA2",139,"LA2_139",0.3125,66
"RE3",746,"RE3_746",0.1875,67
"MS2",145,"MS2_145",62.1875,68
"RE2",133,"RE2_133",257.5,69
"RS2",133,"RS2_133",95.375,70
"RE2",119,"RE2_119",1601.5625,71
"RE3",119,"RE3_119",2683,72
"RE1",133,"RE1_133",27.125,73
"RE3",133,"RE3_133",34,74
"LA2",138,"LA2_138",0.125,75
"MS2",138,"MS2_138",22.75,76
"RE4",152,"RE4_152",0.0625,77
"RE4",155,"RE4_155",0.125,78
"MS2",139,"MS2_139",31.875,79
"RS2",119,"RS2_119",232.5,80
"MS2",119,"MS2_119",9.5625,81
"MS2",136,"MS2_136",86.5625,82
"MS2",133,"MS2_133",0.5625,83
"RE1",119,"RE1_119",26.0625,84
"RE2",148,"RE2_148",160.1875,85
"RS2",148,"RS2_148",2199.75,86
"RE2",135,"RE2_135",1118.5,87
"RE2",123,"RE2_123",1708.6875,88
"RE3",135,"RE3_135",118.25,89
"RE3",123,"RE3_123",890.625,90
"RE1",123,"RE1_123",49.75,91
"RS2",123,"RS2_123",999.4375,92
"RS2",135,"RS2_135",556.6875,93
"RE3",148,"RE3_148",49.75,94
"RE2",120,"RE2_120",955.125,95
"RE3",120,"RE3_120",1006.5,96
"RS2",120,"RS2_120",371.375,97
"RE1",135,"RE1_135",59.9375,98
"RE4",145,"RE4_145",5.5,99
"RE4",154,"RE4_154",0.25,100
"RE1",120,"RE1_120",17.4375,101
"RE1",148,"RE1_148",11.5625,102
"MS2",135,"MS2_135",9.5,103
"RE2",134,"RE2_134",2846.0625,104
"RE3",134,"RE3_134",713.0625,105
"MS2",148,"MS2_148",41.75,106
"MS2",120,"MS2_120",76.8125,107
"RS2",134,"RS2_134",1645.625,108
"RS2",157,"RS2_157",149.1875,109
"RE2",157,"RE2_157",5.875,110
"RE1",134,"RE1_134",101.875,111
"MS2",157,"MS2_157",18.3125,112
"RE4",151,"RE4_151",0.1875,113
"ME1",123,"ME1_123",45.5625,114
"RE1",157,"RE1_157",0.375,115
"MS2",123,"MS2_123",39.625,116
"RS2",149,"RS2_149",4846.8125,117
"RE1",149,"RE1_149",34.75,118
"RE2",149,"RE2_149",486.4375,119
"RS2",158,"RS2_158",1307.375,120
"RE3",149,"RE3_149",74.375,121
"MS2",158,"MS2_158",284.25,122
"MS2",134,"MS2_134",20.75,123
"RE3",158,"RE3_158",8.8125,124
"RE2",158,"RE2_158",21.5625,125
"RE3",157,"RE3_157",0.4375,126
"MA1",139,"MA1_139",0.1875,127
"ME1",120,"ME1_120",398.125,128
"MS2",149,"MS2_149",436.6875,129
"ME1",119,"ME1_119",70.875,130
"RS1",119,"RS1_119",0.0625,131
"RS2",147,"RS2_147",6061.4375,132
"RE4",148,"RE4_148",0.125,133
"RE3",147,"RE3_147",72,134
"RE2",147,"RE2_147",735.0625,135
"RS2",132,"RS2_132",1443.0625,136
"RE2",132,"RE2_132",2291.5625,137
"RE1",132,"RE1_132",103.0625,138
"MS2",147,"MS2_147",492.875,139
"RE3",132,"RE3_132",388.3125,140
"RE1",147,"RE1_147",77.5625,141
"MS4",145,"MS4_145",0.125,142
"MS2",132,"MS2_132",116.4375,143
"RE2",146,"RE2_146",522,144
"RE3",146,"RE3_146",45.75,145
"RE1",146,"RE1_146",74.4375,146
"RS2",146,"RS2_146",2278.625,147
"RE1",158,"RE1_158",1.0625,148
"MA1",145,"MA1_145",0.0625,149
"MS2",146,"MS2_146",133.5625,150
"MS2",150,"MS2_150",857.125,151
"RS2",156,"RS2_156",228.9375,152
"RS2",150,"RS2_150",2973.375,153
"RE2",156,"RE2_156",19.375,154
"MS2",156,"MS2_156",50.875,155
"RS1",158,"RS1_158",0.25,156
"RE2",150,"RE2_150",361,157
"RE1",150,"RE1_150",9,158
"RE2",140,"RE2_140",1435.4375,159
"RE1",140,"RE1_140",91.375,160
"RE3",156,"RE3_156",1.75,161
"RE3",140,"RE3_140",160.875,162
"RS2",140,"RS2_140",5654.25,163
"RE3",150,"RE3_150",45.625,164
"MS2",140,"MS2_140",350.125,165
"RE2",131,"RE2_131",1719.3125,166
"RE1",131,"RE1_131",72.125,167
"RE3",131,"RE3_131",137.125,168
"RS2",131,"RS2_131",2776.8125,169
"MS2",131,"MS2_131",950.9375,170
"RE2",129,"RE2_129",4170.4375,171
"RS2",129,"RS2_129",1842.9375,172
"RE1",129,"RE1_129",110.875,173
"RE3",129,"RE3_129",1671.125,174
"LA2",140,"LA2_140",0.0625,175
"RE2",141,"RE2_141",485.0625,176
"RS2",141,"RS2_141",1698.5,177
"RE3",141,"RE3_141",33.0625,178
"RE1",141,"RE1_141",34.0625,179
"RE4",149,"RE4_149",0.375,180
"MS2",141,"MS2_141",61,181
"MS2",129,"MS2_129",92.25,182
"MA1",136,"MA1_136",0.0625,183
"RS2",159,"RS2_159",114.9375,184
"MS2",159,"MS2_159",50,185
"MS4",158,"MS4_158",0.4375,186
"RE4",131,"RE4_131",0.125,187
"MA1",123,"MA1_123",0.1875,188
"MA1",150,"MA1_150",0.125,189
"RS2",144,"RS2_144",1363.8125,190
"RE1",144,"RE1_144",35.1875,191
"RE2",144,"RE2_144",311.9375,192
"RE3",144,"RE3_144",30.125,193
"RE3",159,"RE3_159",2.0625,194
"MS7",159,"MS7_159",0.1875,195
"MS2",107,"MS2_107",224,196
"RS2",107,"RS2_107",365.875,197
"MS2",144,"MS2_144",84.125,198
"MS3",159,"MS3_159",0.0625,199
"RE2",107,"RE2_107",122.6875,200
"RE3",107,"RE3_107",40.5625,201
"RE2",159,"RE2_159",1.6875,202
"RB1",131,"RB1_131",0.1875,203
"RE1",107,"RE1_107",8.875,204
"RS2",122,"RS2_122",1242.75,205
"RE3",122,"RE3_122",874.125,206
"RE2",122,"RE2_122",1110.9375,207
"MS2",122,"MS2_122",397.125,208
"MA1",107,"MA1_107",0.0625,209
"RE1",122,"RE1_122",4.5625,210
"RS1",120,"RS1_120",0.125,211
"MA1",129,"MA1_129",0.25,212
"ME1",118,"ME1_118",1591.625,213
"RE2",118,"RE2_118",770.9375,214
"RE3",118,"RE3_118",1551.3125,215
"RB1",132,"RB1_132",0.0625,216
"RS2",118,"RS2_118",589.5625,217
"RS2",121,"RS2_121",511.0625,218
"MS2",121,"MS2_121",128.3125,219
"RE2",121,"RE2_121",290.75,220
"RE3",121,"RE3_121",214.5,221
"RE1",121,"RE1_121",0.5625,222
"MS2",118,"MS2_118",213.375,223
"RE2",100,"RE2_100",1082.6875,224
"RS2",100,"RS2_100",2048.125,225
"MA1",122,"MA1_122",0.0625,226
"RE3",100,"RE3_100",129.9375,227
"RE1",100,"RE1_100",31.8125,228
"RS2",142,"RS2_142",2134.8125,229
"RE2",142,"RE2_142",513.5625,230
"MS2",142,"MS2_142",439.5625,231
"RE3",142,"RE3_142",41.75,232
"RE1",118,"RE1_118",1.4375,233
"MS2",100,"MS2_100",1052.25,234
"RE2",130,"RE2_130",2454.8125,235
"RE1",142,"RE1_142",4.375,236
"RS2",130,"RS2_130",1612.0625,237
"RE3",130,"RE3_130",505.6875,238
"ME1",78,"ME1_78",1235.375,239
"RE3",78,"RE3_78",1306.125,240
"MS2",130,"MS2_130",112.625,241
"MS2",106,"MS2_106",1157.125,242
"RS2",106,"RS2_106",1317.1875,243
"RS1",121,"RS1_121",0.0625,244
"RE2",78,"RE2_78",350.1875,245
"RS2",78,"RS2_78",571.375,246
"ME1",122,"ME1_122",53.125,247
"RE3",106,"RE3_106",26,248
"MA1",118,"MA1_118",0.75,249
"MA1",78,"MA1_78",16.875,250
"MA1",147,"MA1_147",0.0625,251
"RE2",106,"RE2_106",231.6875,252
"RS2",143,"RS2_143",2467.125,253
"RE2",143,"RE2_143",409.5625,254
"MS2",143,"MS2_143",418.25,255
"RE1",143,"RE1_143",9.125,256
"RE1",106,"RE1_106",11.9375,257
"RE1",130,"RE1_130",20.0625,258
"RS2",105,"RS2_105",3715,259
"RE3",143,"RE3_143",26.625,260
"MS2",105,"MS2_105",1293.9375,261
"RS1",129,"RS1_129",0.125,262
"RS2",98,"RS2_98",590.25,263
"RE1",105,"RE1_105",11.9375,264
"RE2",98,"RE2_98",350.4375,265
"MS2",98,"MS2_98",572.0625,266
"RE2",105,"RE2_105",342.5,267
"RE3",98,"RE3_98",53.625,268
"RE3",105,"RE3_105",24.125,269
"MS2",97,"MS2_97",757.6875,270
"RE2",97,"RE2_97",655.375,271
"RS2",97,"RS2_97",1074.125,272
"RE3",97,"RE3_97",52.625,273
"RE1",97,"RE1_97",21.1875,274
"MS2",78,"MS2_78",1025.875,275
"MS2",127,"MS2_127",85.8125,276
"RS2",127,"RS2_127",1102.25,277
"RE2",127,"RE2_127",1566.0625,278
"RE3",127,"RE3_127",722.6875,279
"LA2",105,"LA2_105",0.125,280
"NDI",118,"NDI_118",0.5625,281
"RE2",76,"RE2_76",210.5,282
"ME1",76,"ME1_76",194.25,283
"RS2",76,"RS2_76",372,284
"MS2",76,"MS2_76",1091.25,285
"RS1",130,"RS1_130",0.0625,286
"RE3",76,"RE3_76",478.625,287
"RE1",76,"RE1_76",2.8125,288
"RE1",127,"RE1_127",9.875,289
"RC3",129,"RC3_129",0.0625,290
"RE1",78,"RE1_78",2.125,291
"RE1",98,"RE1_98",4.4375,292
"MA1",100,"MA1_100",0.0625,293
"MA1",76,"MA1_76",9.4375,294
"RS1",105,"RS1_105",0.1875,295
"RS2",128,"RS2_128",1078.875,296
"MS2",96,"MS2_96",431.5,297
"RE2",128,"RE2_128",989.125,298
"RS2",96,"RS2_96",751.4375,299
"RE2",96,"RE2_96",418.5625,300
"RE3",96,"RE3_96",34.125,301
"RE3",128,"RE3_128",153.5,302
"NDI",78,"NDI_78",3.0625,303
"NDI",76,"NDI_76",0.9375,304
"RE1",96,"RE1_96",8.5,305
"LA2",118,"LA2_118",0.0625,306
"RS1",78,"RS1_78",0.375,307
"RS2",126,"RS2_126",1118.75,308
"MS2",126,"MS2_126",220.625,309
"RE2",126,"RE2_126",797.5625,310
"RE1",128,"RE1_128",14.5,311
"RS2",99,"RS2_99",689.5625,312
"RE3",126,"RE3_126",301.5,313
"RE2",99,"RE2_99",198.125,314
"MS2",128,"MS2_128",268.375,315
"MS2",99,"MS2_99",855,316
"RE3",99,"RE3_99",38.25,317
"LA2",142,"LA2_142",0.0625,318
"MS6",106,"MS6_106",11.625,319
"LA2",143,"LA2_143",0.125,320
"MA1",105,"MA1_105",0.1875,321
"RE1",126,"RE1_126",4.3125,322
"RB1",76,"RB1_76",0.4375,323
"RC3",107,"RC3_107",0.0625,324
"RE1",99,"RE1_99",0.75,325
"MS6",105,"MS6_105",228.9375,326
"RS1",106,"RS1_106",0.5625,327
"MS1",100,"MS1_100",1.625,328
"MF1",106,"MF1_106",0.125,329
"MS6",98,"MS6_98",58.125,330
"MS6",107,"MS6_107",0.0625,331
"RC3",76,"RC3_76",1.3125,332
"MS2",104,"MS2_104",205.5625,333
"RS2",104,"RS2_104",315.25,334
"RB2",106,"RB2_106",0.1875,335
"RS1",76,"RS1_76",0.625,336
"RE2",104,"RE2_104",137.5,337
"MS1",99,"MS1_99",558.625,338
"MS1",105,"MS1_105",413.1875,339
"MS1",74,"MS1_74",942.0625,340
"RS1",74,"RS1_74",80.625,341
"RC3",74,"RC3_74",12,342
"MS6",104,"MS6_104",55.9375,343
"MS2",74,"MS2_74",627.8125,344
"FE3",74,"FE3_74",56.6875,345
"RB1",74,"RB1_74",15.625,346
"MS1",142,"MS1_142",0.1875,347
"MS6",96,"MS6_96",16.5,348
"MS1",98,"MS1_98",476.3125,349
"MA1",74,"MA1_74",0.5,350
"MA1",126,"MA1_126",0.5,351
"RS2",74,"RS2_74",13.5625,352
"MF1",74,"MF1_74",10.0625,353
"RE2",60,"RE2_60",326.75,354
"RS2",60,"RS2_60",468.875,355
"MS2",60,"MS2_60",31.4375,356
"MF1",105,"MF1_105",1.875,357
"MS2",113,"MS2_113",1171.8125,358
"MA1",97,"MA1_97",0.0625,359
"MS1",113,"MS1_113",108.1875,360
"MF1",76,"MF1_76",0.9375,361
"RS1",142,"RS1_142",0.1875,362
"RE3",104,"RE3_104",36.375,363
"FO1",74,"FO1_74",0.875,364
"RS1",113,"RS1_113",181.6875,365
"RE3",113,"RE3_113",1.875,366
"RE3",60,"RE3_60",92.125,367
"FE3",113,"FE3_113",1.375,368
"RS2",113,"RS2_113",94.5625,369
"RE1",104,"RE1_104",5.875,370
"RE2",86,"RE2_86",878.9375,371
"RS2",86,"RS2_86",1215.5,372
"RC3",113,"RC3_113",11.6875,373
"LA4",74,"LA4_74",0.25,374
"MS2",86,"MS2_86",856.6875,375
"LA2",76,"LA2_76",0.0625,376
"MS6",60,"MS6_60",605.8125,377
"MS1",110,"MS1_110",157,378
"MS2",110,"MS2_110",1555.4375,379
"MA1",113,"MA1_113",0.5625,380
"RE3",86,"RE3_86",92,381
"RS1",110,"RS1_110",66.5,382
"MF1",110,"MF1_110",0.1875,383
"MS6",74,"MS6_74",29.5,384
"FE3",110,"FE3_110",15.5625,385
"RS1",126,"RS1_126",1.3125,386
"RB1",73,"RB1_73",63.6875,387
"RC3",110,"RC3_110",2.3125,388
"MS6",113,"MS6_113",33.625,389
"MS1",73,"MS1_73",1188.3125,390
"ME1",126,"ME1_126",8.5625,391
"RS1",73,"RS1_73",270.5,392
"RE1",60,"RE1_60",1.0625,393
"MF1",73,"MF1_73",10.0625,394
"RE2",113,"RE2_113",9.375,395
"RS1",104,"RS1_104",6.1875,396
"RC3",78,"RC3_78",0.3125,397
"MA1",104,"MA1_104",0.0625,398
"RE3",110,"RE3_110",1.9375,399
"MS2",79,"MS2_79",1063.5625,400
"RE1",86,"RE1_86",28.3125,401
"RS2",110,"RS2_110",39.125,402
"RS2",79,"RS2_79",891.5,403
"RE3",79,"RE3_79",1274.4375,404
"MS2",75,"MS2_75",1213.625,405
"FE3",73,"FE3_73",107.5,406
"RS2",75,"RS2_75",518.25,407
"RE2",75,"RE2_75",122.1875,408
"MS4",110,"MS4_110",57.4375,409
"MS2",73,"MS2_73",448.4375,410
"RC3",73,"RC3_73",52.3125,411
"MS2",111,"MS2_111",2183.25,412
"RS1",111,"RS1_111",146.4375,413
"MS6",75,"MS6_75",601,414
"RE3",75,"RE3_75",130.625,415
"MS1",76,"MS1_76",0.0625,416
"ME1",79,"ME1_79",35.75,417
"RB1",60,"RB1_60",5.1875,418
"RE2",79,"RE2_79",1095.4375,419
"RC3",75,"RC3_75",11.9375,420
"LA2",75,"LA2_75",0.625,421
"RC3",111,"RC3_111",8.6875,422
"RE3",74,"RE3_74",1.5,423
"MS6",76,"MS6_76",0.5,424
"MS1",111,"MS1_111",61.9375,425
"NDI",79,"NDI_79",0.0625,426
"RE2",81,"RE2_81",417.125,427
"RS1",79,"RS1_79",5.75,428
"RE3",81,"RE3_81",101.9375,429
"RS2",111,"RS2_111",280.4375,430
"RS2",81,"RS2_81",887.25,431
"MS6",99,"MS6_99",25.8125,432
"RS1",75,"RS1_75",30,433
"MA1",79,"MA1_79",14,434
"RE2",111,"RE2_111",21.75,435
"MS2",81,"MS2_81",361.75,436
"MS6",111,"MS6_111",1.75,437
"RE1",81,"RE1_81",3,438
"MA1",110,"MA1_110",0.5625,439
"RB3",110,"RB3_110",5,440
"MS1",104,"MS1_104",180.6875,441
"RE3",73,"RE3_73",3.6875,442
"RC3",79,"RC3_79",1.875,443
"MA1",75,"MA1_75",10.3125,444
"RE3",111,"RE3_111",8.5,445
"LL2",110,"LL2_110",1.625,446
"NDI",75,"NDI_75",1.125,447
"MF1",60,"MF1_60",10.375,448
"MA1",99,"MA1_99",0.0625,449
"MA1",73,"MA1_73",1.3125,450
"RS2",102,"RS2_102",769.5,451
"MF1",75,"MF1_75",2.625,452
"MS2",102,"MS2_102",708.1875,453
"RE2",102,"RE2_102",87.5625,454
"RE3",102,"RE3_102",37.1875,455
"RS2",82,"RS2_82",1466.6875,456
"RS2",101,"RS2_101",141.0625,457
"MS2",101,"MS2_101",999.375,458
"RE2",101,"RE2_101",6.1875,459
"MA1",81,"MA1_81",1.4375,460
"MS6",79,"MS6_79",45.625,461
"MS6",81,"MS6_81",73.0625,462
"RE3",82,"RE3_82",572.1875,463
"RE2",82,"RE2_82",1360.125,464
"RS2",89,"RS2_89",681.125,465
"MS2",89,"MS2_89",595.625,466
"RE2",89,"RE2_89",509,467
"LA2",113,"LA2_113",0.125,468
"RE3",101,"RE3_101",10.25,469
"LA2",111,"LA2_111",0.1875,470
"RS1",86,"RS1_86",0.25,471
"RS2",88,"RS2_88",1300.125,472
"RE3",89,"RE3_89",32.6875,473
"MS2",82,"MS2_82",801.375,474
"MS2",88,"MS2_88",697.375,475
"RE1",89,"RE1_89",11.5625,476
"RE2",88,"RE2_88",725,477
"RE3",88,"RE3_88",55.1875,478
"MA1",111,"MA1_111",1.8125,479
"MS6",97,"MS6_97",1.0625,480
"MS1",102,"MS1_102",0.1875,481
"LL4",110,"LL4_110",0.0625,482
"RE2",74,"RE2_74",1.1875,483
"MS1",60,"MS1_60",24.4375,484
"RE1",82,"RE1_82",9.875,485
"MS2",77,"MS2_77",698.1875,486
"RS2",77,"RS2_77",304.625,487
"RE3",77,"RE3_77",163.0625,488
"RE1",111,"RE1_111",1.5625,489
"MS6",77,"MS6_77",42.1875,490
"MA1",77,"MA1_77",6.1875,491
"RE2",77,"RE2_77",130.3125,492
"MS1",64,"MS1_64",269.9375,493
"RE1",88,"RE1_88",25,494
"RB1",64,"RB1_64",102,495
"MJ2",101,"MJ2_101",0.0625,496
"RS2",73,"RS2_73",5.125,497
"RE1",113,"RE1_113",0.125,498
"RB1",75,"RB1_75",3.3125,499
"RS1",64,"RS1_64",70.75,500
"MS1",71,"MS1_71",1514.8125,501
"RS1",71,"RS1_71",325.875,502
"FO1",60,"FO1_60",2.0625,503
"LA2",110,"LA2_110",0.6875,504
"RB1",71,"RB1_71",71.6875,505
"MS2",71,"MS2_71",209.4375,506
"RC3",71,"RC3_71",59.3125,507
"MA1",71,"MA1_71",2.5625,508
"RE1",102,"RE1_102",0.125,509
"RC3",64,"RC3_64",32.8125,510
"RS2",71,"RS2_71",49.625,511
"MF1",64,"MF1_64",7.9375,512
"MS7",101,"MS7_101",0.1875,513
"MS6",71,"MS6_71",150.3125,514
"RS2",108,"RS2_108",62.5,515
"MS1",101,"MS1_101",236.625,516
"MS2",108,"MS2_108",1589.375,517
"RE3",71,"RE3_71",6,518
"NDI",77,"NDI_77",0.0625,519
"MA1",89,"MA1_89",0.3125,520
"RB1",99,"RB1_99",0.5,521
"RE2",71,"RE2_71",0.5,522
"MS1",59,"MS1_59",456.8125,523
"RS2",59,"RS2_59",328.0625,524
"MA1",82,"MA1_82",1.9375,525
"RB1",77,"RB1_77",0.125,526
"RB1",59,"RB1_59",38.6875,527
"MS6",59,"MS6_59",345.375,528
"RE2",59,"RE2_59",118.9375,529
"MA1",64,"MA1_64",0.375,530
"RE3",108,"RE3_108",45.125,531
"FE3",71,"FE3_71",112.125,532
"MS1",112,"MS1_112",411.25,533
"RS2",103,"RS2_103",198.4375,534
"RE3",64,"RE3_64",20.5625,535
"MS1",108,"MS1_108",239.5625,536
"RS1",112,"RS1_112",263.3125,537
"MS2",112,"MS2_112",2593.9375,538
"MS1",67,"MS1_67",888.1875,539
"MA1",108,"MA1_108",1.125,540
"RE3",59,"RE3_59",35.375,541
"RE3",103,"RE3_103",2.6875,542
"MS2",103,"MS2_103",975.5,543
"RS2",112,"RS2_112",208.875,544
"RC3",112,"RC3_112",3,545
"FE3",112,"FE3_112",5.4375,546
"MS2",59,"MS2_59",14,547
"RE2",103,"RE2_103",16.25,548
"RC3",108,"RC3_108",12.5,549
"MF1",112,"MF1_112",1.8125,550
"RS1",108,"RS1_108",21.0625,551
"RS1",77,"RS1_77",2.75,552
"RS1",67,"RS1_67",206.25,553
"FE3",67,"FE3_67",219.375,554
"RE2",108,"RE2_108",1.125,555
"MS1",75,"MS1_75",2.5,556
"MS6",103,"MS6_103",16.8125,557
"MS1",103,"MS1_103",176.5625,558
"RB1",67,"RB1_67",68.3125,559
"MS1",86,"MS1_86",0.25,560
"RE3",112,"RE3_112",2.625,561
"MA1",101,"MA1_101",0.125,562
"RC3",67,"RC3_67",72.25,563
"MS6",82,"MS6_82",15.6875,564
"MA1",67,"MA1_67",0.75,565
"RE2",112,"RE2_112",12.8125,566
"LA4",75,"LA4_75",0.125,567
"MS6",95,"MS6_95",88.4375,568
"RS2",95,"RS2_95",353.0625,569
"RE1",112,"RE1_112",5.125,570
"MS2",95,"MS2_95",371.5,571
"RE2",95,"RE2_95",140.5625,572
"FE3",99,"FE3_99",0.4375,573
"MF1",67,"MF1_67",2.9375,574
"MS4",101,"MS4_101",0.1875,575
"MF1",108,"MF1_108",2.8125,576
"MS6",89,"MS6_89",0.1875,577
"MS6",101,"MS6_101",38.375,578
"MF1",77,"MF1_77",0.75,579
"MJ2",75,"MJ2_75",0.4375,580
"MA1",88,"MA1_88",0.375,581
"MS2",38,"MS2_38",400.5,582
"MJ2",38,"MJ2_38",1038.75,583
"MS6",38,"MS6_38",0.8125,584
"RC3",38,"RC3_38",2,585
"FE3",59,"FE3_59",2.4375,586
"FE3",64,"FE3_64",15.3125,587
"RE2",38,"RE2_38",137.75,588
"RE3",95,"RE3_95",45.625,589
"RS2",38,"RS2_38",577.3125,590
"RE1",103,"RE1_103",0.8125,591
"RB1",38,"RB1_38",1.8125,592
"MF1",38,"MF1_38",16.875,593
"RE2",73,"RE2_73",0.0625,594
"MA1",38,"MA1_38",9.625,595
"RE1",95,"RE1_95",5,596
"FE3",108,"FE3_108",2.3125,597
"RE3",38,"RE3_38",79.75,598
"MS2",67,"MS2_67",1.25,599
"RC3",60,"RC3_60",0.0625,600
"RS1",38,"RS1_38",75.875,601
"FE3",101,"FE3_101",1.6875,602
"RE3",67,"RE3_67",4.375,603
"MS1",58,"MS1_58",781.0625,604
"MS2",83,"MS2_83",839.6875,605
"RE2",58,"RE2_58",10.625,606
"RS2",58,"RS2_58",191.0625,607
"RE3",83,"RE3_83",187.125,608
"MA1",86,"MA1_86",0.0625,609
"MF1",111,"MF1_111",0.75,610
"RS2",83,"RS2_83",747.0625,611
"RE2",83,"RE2_83",778.125,612
"MF1",95,"MF1_95",6.625,613
"RE3",58,"RE3_58",2.4375,614
"MS2",58,"MS2_58",37.8125,615
"RC3",77,"RC3_77",0.0625,616
"RS1",89,"RS1_89",0.25,617
"RS2",57,"RS2_57",300.375,618
"MF1",103,"MF1_103",0.0625,619
"MS2",57,"MS2_57",55.5,620
"MS1",57,"MS1_57",876,621
"MF1",59,"MF1_59",0.9375,622
"MA1",112,"MA1_112",3.8125,623
"RS1",59,"RS1_59",5.625,624
"LA2",112,"LA2_112",0.125,625
"RE1",79,"RE1_79",0.5625,626
"FE3",58,"FE3_58",29,627
"MS6",57,"MS6_57",220.9375,628
"MS6",58,"MS6_58",21.6875,629
"RS2",109,"RS2_109",31.0625,630
"MS2",109,"MS2_109",913.3125,631
"RE2",57,"RE2_57",31.8125,632
"MA1",109,"MA1_109",0.5,633
"RS1",95,"RS1_95",0.4375,634
"RE3",57,"RE3_57",3.0625,635
"RE1",57,"RE1_57",0.0625,636
"RS1",88,"RS1_88",0.1875,637
"MS2",64,"MS2_64",0.25,638
"MF1",79,"MF1_79",1.3125,639
"MS1",109,"MS1_109",335.1875,640
"RE1",83,"RE1_83",10.9375,641
"RP1",59,"RP1_59",7.3125,642
"RB1",112,"RB1_112",2,643
"MS1",95,"MS1_95",249.5,644
"RC3",59,"RC3_59",1.875,645
"RE2",87,"RE2_87",782,646
"MS2",87,"MS2_87",1001.6875,647
"RS2",87,"RS2_87",1255.3125,648
"RE3",87,"RE3_87",63.0625,649
"FE3",68,"FE3_68",63,650
"RS1",68,"RS1_68",161,651
"MS1",68,"MS1_68",1270.125,652
"RC3",68,"RC3_68",69.125,653
"MS6",83,"MS6_83",96.625,654
"RS2",64,"RS2_64",14.6875,655
"RB1",68,"RB1_68",34.4375,656
"MS1",79,"MS1_79",35.1875,657
"RS2",80,"RS2_80",350.6875,658
"MS2",80,"MS2_80",735.75,659
"RE1",87,"RE1_87",5.6875,660
"RS1",58,"RS1_58",53.375,661
"RS1",103,"RS1_103",7.0625,662
"MA2",64,"MA2_64",0.25,663
"RE3",80,"RE3_80",70,664
"FE3",95,"FE3_95",0.4375,665
"FE3",57,"FE3_57",7.125,666
"RC3",104,"RC3_104",1.75,667
"RE2",80,"RE2_80",163.125,668
"MS6",80,"MS6_80",95.4375,669
"RS1",57,"RS1_57",110.5,670
"RE3",109,"RE3_109",1.25,671
"MA1",83,"MA1_83",0.625,672
"FO1",95,"FO1_95",0.125,673
"MS2",68,"MS2_68",225.0625,674
"RS2",67,"RS2_67",0.125,675
"MS6",112,"MS6_112",101.8125,676
"MA1",80,"MA1_80",1.4375,677
"FE3",60,"FE3_60",0.0625,678
"MJ1",59,"MJ1_59",0.0625,679
"FO1",68,"FO1_68",1,680
"MS2",72,"MS2_72",65.3125,681
"MS1",72,"MS1_72",1094.1875,682
"MF1",68,"MF1_68",4.25,683
"RS1",72,"RS1_72",205.125,684
"MS1",82,"MS1_82",0.125,685
"MA1",87,"MA1_87",0.25,686
"RE3",68,"RE3_68",4.8125,687
"MS1",80,"MS1_80",594.8125,688
"MF1",71,"MF1_71",9.25,689
"RP1",38,"RP1_38",7.8125,690
"MF1",58,"MF1_58",1,691
"RS1",109,"RS1_109",23.6875,692
"MS6",68,"MS6_68",187.875,693
"MA1",68,"MA1_68",0.5,694
"MS2",69,"MS2_69",80,695
"RS2",72,"RS2_72",23.75,696
"LA2",87,"LA2_87",0.125,697
"RS1",80,"RS1_80",1.75,698
"RS2",69,"RS2_69",10.5,699
"MS1",94,"MS1_94",916.25,700
"RS2",94,"RS2_94",366.3125,701
"FE3",94,"FE3_94",7.125,702
"MS4",68,"MS4_68",1.25,703
"MS1",69,"MS1_69",972,704
"MF1",72,"MF1_72",5.25,705
"RC3",72,"RC3_72",5.6875,706
"MS1",83,"MS1_83",70.875,707
"RS2",68,"RS2_68",8.375,708
"LA2",38,"LA2_38",0.1875,709
"RE3",94,"RE3_94",5.5,710
"RC3",57,"RC3_57",1.375,711
"MF1",89,"MF1_89",0.4375,712
"MS1",65,"MS1_65",729.9375,713
"MS6",94,"MS6_94",22.9375,714
"MF1",104,"MF1_104",0.0625,715
"RS1",69,"RS1_69",26.3125,716
"MJ1",38,"MJ1_38",17.4375,717
"RE1",77,"RE1_77",0.1875,718
"FO1",94,"FO1_94",0.1875,719
"RE2",94,"RE2_94",15.75,720
"RB1",94,"RB1_94",4.3125,721
"FE3",72,"FE3_72",60.375,722
"RS1",65,"RS1_65",247.8125,723
"RE2",84,"RE2_84",545.0625,724
"MS2",84,"MS2_84",1578.75,725
"RS2",84,"RS2_84",1274.75,726
"FE3",65,"FE3_65",183.4375,727
"RC3",65,"RC3_65",69.8125,728
"RE3",84,"RE3_84",85.5,729
"RB1",65,"RB1_65",23.5625,730
"RP1",58,"RP1_58",0.6875,731
"MS2",94,"MS2_94",398.0625,732
"RE2",43,"RE2_43",57.875,733
"MA1",59,"MA1_59",0.0625,734
"RS2",43,"RS2_43",139.5625,735
"MJ2",43,"MJ2_43",824.0625,736
"MS2",43,"MS2_43",47.125,737
"MS1",89,"MS1_89",94.1875,738
"MJ2",79,"MJ2_79",0.5625,739
"MS2",40,"MS2_40",148.1875,740
"MJ2",40,"MJ2_40",752.1875,741
"RE3",43,"RE3_43",26.6875,742
"MS6",84,"MS6_84",94.875,743
"RE3",40,"RE3_40",109.4375,744
"RS1",43,"RS1_43",10,745
"RS2",40,"RS2_40",459.1875,746
"MF1",109,"MF1_109",0.8125,747
"RE2",40,"RE2_40",238.75,748
"RS1",94,"RS1_94",1.1875,749
"MS6",69,"MS6_69",267.6875,750
"FE3",38,"FE3_38",2.25,751
"RP1",94,"RP1_94",0.9375,752
"RE1",84,"RE1_84",9.125,753
"MF1",69,"MF1_69",0.4375,754
"MS6",108,"MS6_108",5.9375,755
"RB1",69,"RB1_69",8.1875,756
"RS1",40,"RS1_40",86.75,757
"MS2",53,"MS2_53",423.3125,758
"RS2",53,"RS2_53",945.75,759
"MJ1",40,"MJ1_40",79.1875,760
"MF1",87,"MF1_87",0.0625,761
"RS2",90,"RS2_90",501.5625,762
"MS2",90,"MS2_90",471.4375,763
"MS1",90,"MS1_90",966.4375,764
"MA1",37,"MA1_37",3.25,765
"MJ2",37,"MJ2_37",734.5,766
"RS2",37,"RS2_37",156.8125,767
"RE1",94,"RE1_94",0.125,768
"MA1",40,"MA1_40",0.5,769
"RE2",53,"RE2_53",485.375,770
"RB1",95,"RB1_95",0.375,771
"RE3",37,"RE3_37",22.75,772
"RE2",37,"RE2_37",44.875,773
"MS1",77,"MS1_77",0.1875,774
"RE3",90,"RE3_90",78.4375,775
"FO1",69,"FO1_69",1,776
"MS2",37,"MS2_37",25.875,777
"RP1",40,"RP1_40",24.4375,778
"RS2",65,"RS2_65",0.3125,779
"FE3",109,"FE3_109",3.8125,780
"RE3",53,"RE3_53",61,781
"RC3",66,"RC3_66",89.8125,782
"MS1",66,"MS1_66",1282.375,783
"RS1",66,"RS1_66",135.6875,784
"RC3",69,"RC3_69",1.1875,785
"MJ2",80,"MJ2_80",1,786
"MA1",95,"MA1_95",0.3125,787
"RC3",94,"RC3_94",0.5625,788
"MA1",65,"MA1_65",1.3125,789
"RE3",65,"RE3_65",1.6875,790
"FE3",66,"FE3_66",223.875,791
"RB1",72,"RB1_72",10.4375,792
"MS1",87,"MS1_87",29.625,793
"RC3",58,"RC3_58",0.3125,794
"RB1",66,"RB1_66",6.125,795
"RC3",40,"RC3_40",4.75,796
"RE2",90,"RE2_90",102.4375,797
"RE1",53,"RE1_53",2.125,798
"MJ2",87,"MJ2_87",10.6875,799
"MF1",94,"MF1_94",0.3125,800
"RE3",72,"RE3_72",0.125,801
"MJ2",89,"MJ2_89",36.6875,802
"RC3",109,"RC3_109",0.0625,803
"MA1",94,"MA1_94",0.5,804
"RB1",58,"RB1_58",0.5,805
"MS2",66,"MS2_66",39.6875,806
"MJ1",43,"MJ1_43",66.5625,807
"MS6",90,"MS6_90",1.4375,808
"MF1",57,"MF1_57",3,809
"MS1",43,"MS1_43",0.375,810
"RE1",80,"RE1_80",0.8125,811
"MJ2",53,"MJ2_53",2933.5,812
"MJ1",90,"MJ1_90",0.9375,813
"MS2",65,"MS2_65",0.375,814
"LA2",89,"LA2_89",0.0625,815
"MJ1",37,"MJ1_37",14.0625,816
"RB1",57,"RB1_57",1.9375,817
"MA1",69,"MA1_69",0.6875,818
"MA1",90,"MA1_90",0.3125,819
"FE3",69,"FE3_69",21.75,820
"RS2",66,"RS2_66",3.0625,821
"MS6",109,"MS6_109",4.5,822
"RC3",37,"RC3_37",4.375,823
"FE3",79,"FE3_79",0.3125,824
"FO1",71,"FO1_71",2.9375,825
"RS1",37,"RS1_37",34.6875,826
"RE2",64,"RE2_64",0.8125,827
"FO1",72,"FO1_72",0.625,828
"FE3",70,"FE3_70",242.375,829
"MS1",70,"MS1_70",497.1875,830
"MF1",70,"MF1_70",0.9375,831
"RS1",70,"RS1_70",61.4375,832
"RB1",37,"RB1_37",3.1875,833
"RE2",69,"RE2_69",9.4375,834
"MF1",65,"MF1_65",0.9375,835
"MJ1",89,"MJ1_89",0.125,836
"MA1",66,"MA1_66",0.75,837
"RE3",66,"RE3_66",7.125,838
"MS1",92,"MS1_92",1287.1875,839
"MS2",92,"MS2_92",3371.3125,840
"RS2",92,"RS2_92",803.3125,841
"FE4",65,"FE4_65",1.375,842
"RE1",90,"RE1_90",3.3125,843
"RE2",68,"RE2_68",13.9375,844
"MS1",53,"MS1_53",1.5,845
"RC3",70,"RC3_70",1.4375,846
"RE2",44,"RE2_44",271.5625,847
"RS2",44,"RS2_44",263.8125,848
"MJ2",44,"MJ2_44",475.625,849
"RE3",44,"RE3_44",163.3125,850
"RE2",92,"RE2_92",33.625,851
"MJ1",53,"MJ1_53",285.875,852
"RI1",70,"RI1_70",0.0625,853
"RB1",92,"RB1_92",0.25,854
"MS2",44,"MS2_44",254.8125,855
"FE3",92,"FE3_92",22.0625,856
"MF1",92,"MF1_92",0.1875,857
"FO1",70,"FO1_70",1.4375,858
"MJ2",90,"MJ2_90",6.25,859
"RB1",70,"RB1_70",39.625,860
"FE4",64,"FE4_64",1.6875,861
"MA2",71,"MA2_71",0.0625,862
"RS2",91,"RS2_91",574.5,863
"MS1",91,"MS1_91",251.1875,864
"MS2",91,"MS2_91",1530.6875,865
"RE1",92,"RE1_92",3.5,866
"MA1",44,"MA1_44",0.125,867
"FE3",43,"FE3_43",5.125,868
"RC3",43,"RC3_43",0.125,869
"LA2",94,"LA2_94",0.0625,870
"RE2",39,"RE2_39",52.75,871
"RC3",80,"RC3_80",0.0625,872
"RI1",71,"RI1_71",0.125,873
"MJ2",39,"MJ2_39",1588.1875,874
"MF1",37,"MF1_37",16.5,875
"RS2",39,"RS2_39",460.25,876
"MS6",92,"MS6_92",190,877
"MS2",39,"MS2_39",138.375,878
"RE3",39,"RE3_39",99.625,879
"MA1",91,"MA1_91",0.625,880
"RE1",68,"RE1_68",0.75,881
"RS1",53,"RS1_53",0.4375,882
"RP1",37,"RP1_37",44,883
"MS1",40,"MS1_40",0.125,884
"MS1",84,"MS1_84",40.75,885
"FE3",40,"FE3_40",10.6875,886
"RS2",70,"RS2_70",2.4375,887
"RP1",57,"RP1_57",0.25,888
"FE3",37,"FE3_37",3,889
"RP1",53,"RP1_53",15.375,890
"MJ1",92,"MJ1_92",0.1875,891
"RE2",65,"RE2_65",0.125,892
"RE3",70,"RE3_70",0.3125,893
"RE3",92,"RE3_92",10.5625,894
"FE4",70,"FE4_70",22.25,895
"RS1",44,"RS1_44",14.5,896
"RE3",91,"RE3_91",55.875,897
"MJ1",44,"MJ1_44",97.25,898
"RS1",39,"RS1_39",233.1875,899
"MS1",44,"MS1_44",0.6875,900
"MF1",53,"MF1_53",4.375,901
"RS1",91,"RS1_91",0.4375,902
"MS6",87,"MS6_87",31.25,903
"MA1",70,"MA1_70",0.375,904
"RS1",90,"RS1_90",0.0625,905
"RE2",91,"RE2_91",37.25,906
"MJ1",39,"MJ1_39",605.25,907
"RE3",51,"RE3_51",101.375,908
"RE2",51,"RE2_51",416.625,909
"RC3",39,"RC3_39",26.375,910
"MA2",70,"MA2_70",0.0625,911
"RS2",51,"RS2_51",755.375,912
"MS2",51,"MS2_51",158.75,913
"FE3",53,"FE3_53",74.6875,914
"MF1",39,"MF1_39",2.1875,915
"RP1",39,"RP1_39",45,916
"MS4",92,"MS4_92",22.875,917
"RE1",69,"RE1_69",0.125,918
"MJ2",51,"MJ2_51",1905.75,919
"MS1",61,"MS1_61",1117.9375,920
"RB1",61,"RB1_61",116.5,921
"FE3",61,"FE3_61",170.625,922
"RS1",61,"RS1_61",169.1875,923
"RC3",61,"RC3_61",88.9375,924
"RE3",69,"RE3_69",0.125,925
"RE2",85,"RE2_85",165.1875,926
"MS2",85,"MS2_85",527.4375,927
"RS2",85,"RS2_85",418.3125,928
"FE3",39,"FE3_39",112.9375,929
"RE3",61,"RE3_61",19.0625,930
"MF1",44,"MF1_44",0.875,931
"MS2",93,"MS2_93",1594.875,932
"RS2",93,"RS2_93",575.25,933
"RE3",85,"RE3_85",14.0625,934
"RE3",93,"RE3_93",56.6875,935
"RC3",44,"RC3_44",0.375,936
"MJ2",84,"MJ2_84",0.3125,937
"MA1",61,"MA1_61",2.9375,938
"MA1",43,"MA1_43",0.0625,939
"MF1",66,"MF1_66",3.4375,940
"MS2",45,"MS2_45",32.3125,941
"MJ2",45,"MJ2_45",516.125,942
"RE2",45,"RE2_45",17.0625,943
"RE3",45,"RE3_45",14.5625,944
"RS2",45,"RS2_45",72.8125,945
"MJ2",83,"MJ2_83",1.5,946
"MJ2",41,"MJ2_41",2058.6875,947
"MJ1",45,"MJ1_45",440.5625,948
"RE2",93,"RE2_93",102.0625,949
"RS2",41,"RS2_41",365.125,950
"RS2",48,"RS2_48",486.75,951
"RE2",48,"RE2_48",393.75,952
"RE3",48,"RE3_48",79.75,953
"MJ2",48,"MJ2_48",1775.4375,954
"MS2",48,"MS2_48",171.6875,955
"RE3",41,"RE3_41",122.875,956
"MS1",45,"MS1_45",0.25,957
"RE2",61,"RE2_61",0.3125,958
"MJ1",41,"MJ1_41",801.3125,959
"FE3",41,"FE3_41",219.5625,960
"RE2",41,"RE2_41",79.875,961
"MF1",61,"MF1_61",8.875,962
"RS1",41,"RS1_41",239.875,963
"MS2",41,"MS2_41",243.6875,964
"RS2",61,"RS2_61",7.3125,965
"RE1",91,"RE1_91",0.125,966
"FE3",44,"FE3_44",12.25,967
"MS6",85,"MS6_85",162.1875,968
"RP1",41,"RP1_41",31.875,969
"MA1",39,"MA1_39",2,970
"RS2",47,"RS2_47",126.1875,971
"MA1",84,"MA1_84",0.1875,972
"FE4",61,"FE4_61",7,973
"MJ2",47,"MJ2_47",473.3125,974
"FE4",66,"FE4_66",0.8125,975
"FE3",48,"FE3_48",188.875,976
"RE2",47,"RE2_47",44.875,977
"MJ1",48,"MJ1_48",980.875,978
"MS2",47,"MS2_47",48.1875,979
"RS1",45,"RS1_45",39,980
"RE3",47,"RE3_47",23.75,981
"FE3",90,"FE3_90",1.3125,982
"MS6",53,"MS6_53",0.1875,983
"MJ1",47,"MJ1_47",229.25,984
"FE3",45,"FE3_45",86.3125,985
"MS1",48,"MS1_48",0.8125,986
"MA1",41,"MA1_41",0.0625,987
"MS1",63,"MS1_63",806,988
"MA1",85,"MA1_85",0.375,989
"RC3",63,"RC3_63",50.75,990
"FE3",47,"FE3_47",56.5,991
"NDI",85,"NDI_85",0.5,992
"RS1",63,"RS1_63",182.1875,993
"RS1",92,"RS1_92",1.375,994
"FE3",63,"FE3_63",365.375,995
"MS1",85,"MS1_85",167.8125,996
"RP1",44,"RP1_44",0.6875,997
"MS2",63,"MS2_63",38.75,998
"MS4",93,"MS4_93",4,999
"MA1",93,"MA1_93",0.125,1000
"MJ2",14,"MJ2_14",898.3125,1001
"MA1",48,"MA1_48",1.5625,1002
"RE1",85,"RE1_85",0.25,1003
"RS2",14,"RS2_14",160.9375,1004
"MJ1",14,"MJ1_14",359.375,1005
"RC3",41,"RC3_41",11.8125,1006
"FE3",14,"FE3_14",62.1875,1007
"MF1",14,"MF1_14",1.125,1008
"RC3",14,"RC3_14",5.8125,1009
"RE3",63,"RE3_63",3.125,1010
"RE3",14,"RE3_14",13.3125,1011
"RS1",14,"RS1_14",92.0625,1012
"MJ2",85,"MJ2_85",1.8125,1013
"MS6",51,"MS6_51",0.1875,1014
"LA1",93,"LA1_93",0.0625,1015
"FE3",84,"FE3_84",0.375,1016
"MS2",14,"MS2_14",7.4375,1017
"RP1",14,"RP1_14",128.8125,1018
"MS6",48,"MS6_48",0.0625,1019
"FE4",63,"FE4_63",371.1875,1020
"RC3",56,"RC3_56",2.375,1021
"RS2",56,"RS2_56",71.1875,1022
"MS6",56,"MS6_56",469.3125,1023
"MS1",56,"MS1_56",124.75,1024
"NDI",48,"NDI_48",0.6875,1025
"RE3",56,"RE3_56",3.8125,1026
"MS2",56,"MS2_56",69.75,1027
"FE3",56,"FE3_56",1.125,1028
"MS2",61,"MS2_61",33.3125,1029
"FE3",85,"FE3_85",4.6875,1030
"RC3",92,"RC3_92",0.1875,1031
"RS2",54,"RS2_54",194,1032
"RS1",56,"RS1_56",18.5,1033
"MJ2",54,"MJ2_54",1297.875,1034
"RB1",63,"RB1_63",76.75,1035
"RC3",62,"RC3_62",41.6875,1036
"MS1",62,"MS1_62",910.25,1037
"RS1",62,"RS1_62",124.875,1038
"RB1",62,"RB1_62",22.875,1039
"MA1",14,"MA1_14",1,1040
"FE3",62,"FE3_62",262.75,1041
"RE2",14,"RE2_14",6.375,1042
"RS1",47,"RS1_47",12.5625,1043
"MA1",63,"MA1_63",2.1875,1044
"MS2",54,"MS2_54",111.4375,1045
"RE3",54,"RE3_54",16.875,1046
"RP1",45,"RP1_45",0.75,1047
"RP1",48,"RP1_48",3.875,1048
"MS1",54,"MS1_54",2.4375,1049
"RB1",56,"RB1_56",61.0625,1050
"MJ1",54,"MJ1_54",421.625,1051
"LL2",92,"LL2_92",0.5,1052
"FE3",54,"FE3_54",79.1875,1053
"RE1",93,"RE1_93",11.1875,1054
"RE2",56,"RE2_56",6.3125,1055
"FE3",51,"FE3_51",40.75,1056
"RS1",48,"RS1_48",14.875,1057
"RE3",62,"RE3_62",5,1058
"MJ1",51,"MJ1_51",143.125,1059
"RP1",47,"RP1_47",3.0625,1060
"MJ2",52,"MJ2_52",1090.125,1061
"RS2",52,"RS2_52",293.625,1062
"MS2",52,"MS2_52",33.75,1063
"RS2",62,"RS2_62",2.125,1064
"MA1",62,"MA1_62",1.5625,1065
"MF1",54,"MF1_54",0.125,1066
"RC3",45,"RC3_45",3,1067
"FE4",62,"FE4_62",17.6875,1068
"MF1",48,"MF1_48",0.0625,1069
"MJ1",52,"MJ1_52",240.4375,1070
"RE2",54,"RE2_54",15.6875,1071
"RC3",47,"RC3_47",0.3125,1072
"RE3",52,"RE3_52",9,1073
"MS1",51,"MS1_51",0.0625,1074
"MF1",63,"MF1_63",5.875,1075
"FE3",52,"FE3_52",45.375,1076
"RE1",54,"RE1_54",0.1875,1077
"RS2",63,"RS2_63",2.125,1078
"RS1",85,"RS1_85",0.5,1079
"MS2",62,"MS2_62",28.8125,1080
"RS1",52,"RS1_52",9.625,1081
"RE2",52,"RE2_52",36.3125,1082
"MJ2",91,"MJ2_91",0.5,1083
"MA1",54,"MA1_54",0.0625,1084
"LM2",64,"LM2_64",0.0625,1085
"RC3",48,"RC3_48",0.9375,1086
"MJ2",29,"MJ2_29",1519,1087
"RP1",52,"RP1_52",16,1088
"MJ1",29,"MJ1_29",1649.3125,1089
"MS2",29,"MS2_29",29.5,1090
"MF1",45,"MF1_45",0.625,1091
"RS2",29,"RS2_29",24.4375,1092
"MF1",29,"MF1_29",6.5625,1093
"FE3",29,"FE3_29",813.75,1094
"RS1",29,"RS1_29",19.3125,1095
"RP1",51,"RP1_51",4.125,1096
"RE2",29,"RE2_29",19.4375,1097
"RP1",29,"RP1_29",57.4375,1098
"MF1",62,"MF1_62",1.875,1099
"FO1",62,"FO1_62",0.1875,1100
"RE3",29,"RE3_29",13.375,1101
"RB1",53,"RB1_53",0.0625,1102
"RS1",13,"RS1_13",8.0625,1103
"RB1",29,"RB1_29",7.4375,1104
"RB1",13,"RB1_13",31.4375,1105
"RE2",15,"RE2_15",0.375,1106
"MJ2",15,"MJ2_15",202.375,1107
"RS2",15,"RS2_15",44,1108
"RP1",15,"RP1_15",108.8125,1109
"MJ2",13,"MJ2_13",65.625,1110
"FE6",29,"FE6_29",0.5625,1111
"MJ1",13,"MJ1_13",204,1112
"MJ1",64,"MJ1_64",0.0625,1113
"MS1",13,"MS1_13",0.4375,1114
"RE3",15,"RE3_15",2.5,1115
"LM4",13,"LM4_13",0.0625,1116
"MJ2",64,"MJ2_64",0.0625,1117
"RS1",15,"RS1_15",91.9375,1118
"FO1",61,"FO1_61",0.1875,1119
"MF1",13,"MF1_13",1.875,1120
"MF1",47,"MF1_47",0.125,1121
"MJ1",46,"MJ1_46",1461.0625,1122
"RS2",46,"RS2_46",192.1875,1123
"MJ1",15,"MJ1_15",497.1875,1124
"RI1",39,"RI1_39",0.0625,1125
"MJ2",46,"MJ2_46",872.125,1126
"MS2",15,"MS2_15",3.3125,1127
"RP1",13,"RP1_13",0.8125,1128
"FE3",13,"FE3_13",6.1875,1129
"RE2",62,"RE2_62",0.3125,1130
"MF1",52,"MF1_52",0.9375,1131
"RS2",13,"RS2_13",1.1875,1132
"RC3",15,"RC3_15",13.875,1133
"FE3",46,"FE3_46",607.6875,1134
"RE3",13,"RE3_13",3.25,1135
"RS1",46,"RS1_46",49,1136
"FE3",15,"FE3_15",192.8125,1137
"RE3",46,"RE3_46",27.25,1138
"RC3",46,"RC3_46",11.8125,1139
"FO1",56,"FO1_56",0.25,1140
"MJ1",61,"MJ1_61",1.0625,1141
"RP1",46,"RP1_46",25.375,1142
"RE2",46,"RE2_46",67.4375,1143
"MA1",47,"MA1_47",0.1875,1144
"MS2",46,"MS2_46",70.0625,1145
"MA1",51,"MA1_51",0.125,1146
"MS6",55,"MS6_55",24.4375,1147
"MS1",55,"MS1_55",1006.5,1148
"MF1",41,"MF1_41",2.5625,1149
"RB1",55,"RB1_55",21.125,1150
"MJ1",17,"MJ1_17",732.3125,1151
"MJ2",17,"MJ2_17",427.5,1152
"FE2",13,"FE2_13",109.8125,1153
"RS1",17,"RS1_17",149.5,1154
"FE3",17,"FE3_17",350.9375,1155
"RP1",54,"RP1_54",0.125,1156
"RC3",17,"RC3_17",25.375,1157
"FE3",55,"FE3_55",349.875,1158
"MF1",15,"MF1_15",1.25,1159
"MA1",46,"MA1_46",2.25,1160
"MA1",15,"MA1_15",0.5625,1161
"RP1",17,"RP1_17",41.8125,1162
"MJ2",92,"MJ2_92",1.5,1163
"RS1",51,"RS1_51",5.4375,1164
"RS2",17,"RS2_17",62.25,1165
"RS2",55,"RS2_55",1.5625,1166
"FE6",15,"FE6_15",19.75,1167
"RE3",17,"RE3_17",18.125,1168
"FO1",63,"FO1_63",0.125,1169
"RE2",17,"RE2_17",2.3125,1170
"FE6",46,"FE6_46",14.6875,1171
"RC3",51,"RC3_51",0.25,1172
"MS2",55,"MS2_55",118,1173
"MJ2",42,"MJ2_42",621.875,1174
"MJ1",42,"MJ1_42",758.125,1175
"RS1",42,"RS1_42",111.8125,1176
"FE3",42,"FE3_42",371.5,1177
"RS2",42,"RS2_42",68,1178
"MF1",17,"MF1_17",1.5625,1179
"RC3",42,"RC3_42",5.4375,1180
"RE3",42,"RE3_42",25.9375,1181
"MS2",17,"MS2_17",12.75,1182
"RE3",55,"RE3_55",1.9375,1183
"FE6",17,"FE6_17",13.25,1184
"MA1",17,"MA1_17",1.4375,1185
"RE2",42,"RE2_42",16.8125,1186
"RP1",42,"RP1_42",23.75,1187
"NDI",46,"NDI_46",0.8125,1188
"FE4",55,"FE4_55",76.25,1189
"FE2",33,"FE2_33",133.4375,1190
"MJ1",33,"MJ1_33",478.875,1191
"RS2",49,"RS2_49",89.875,1192
"MJ2",49,"MJ2_49",507.375,1193
"MJ1",49,"MJ1_49",387.8125,1194
"RB1",33,"RB1_33",175.5,1195
"FE2",29,"FE2_29",9.375,1196
"RS1",33,"RS1_33",59.0625,1197
"RE2",49,"RE2_49",17.25,1198
"FE3",49,"FE3_49",163,1199
"RC3",33,"RC3_33",11.25,1200
"MF1",46,"MF1_46",6.625,1201
"FE3",33,"FE3_33",178.5625,1202
"RC3",29,"RC3_29",2.9375,1203
"MS1",33,"MS1_33",0.1875,1204
"MJ2",50,"MJ2_50",717.625,1205
"RS1",49,"RS1_49",2.3125,1206
"MJ1",50,"MJ1_50",230.3125,1207
"RS1",50,"RS1_50",35.375,1208
"MJ2",33,"MJ2_33",291.3125,1209
"RE3",49,"RE3_49",20.0625,1210
"NDI",49,"NDI_49",0.0625,1211
"RS2",50,"RS2_50",133.1875,1212
"MJ2",61,"MJ2_61",0.9375,1213
"RE3",50,"RE3_50",17.875,1214
"MS2",50,"MS2_50",155.5625,1215
"FE3",50,"FE3_50",54.25,1216
"FC1",17,"FC1_17",0.125,1217
"MS2",42,"MS2_42",32.5,1218
"MS2",36,"MS2_36",5,1219
"MJ2",36,"MJ2_36",513.25,1220
"MS1",36,"MS1_36",1.8125,1221
"MS2",49,"MS2_49",58.5625,1222
"RC3",36,"RC3_36",34.3125,1223
"RS2",36,"RS2_36",0.125,1224
"RS1",36,"RS1_36",64.9375,1225
"RE3",36,"RE3_36",35.5625,1226
"RE2",50,"RE2_50",37.4375,1227
"RS1",54,"RS1_54",0.875,1228
"MJ1",36,"MJ1_36",258.1875,1229
"FE6",42,"FE6_42",11.8125,1230
"RP1",50,"RP1_50",2.1875,1231
"FE3",36,"FE3_36",80.4375,1232
"MJ1",21,"MJ1_21",1484.875,1233
"MJ2",21,"MJ2_21",448.3125,1234
"FE3",21,"FE3_21",913.1875,1235
"RS2",21,"RS2_21",52.5625,1236
"RC3",49,"RC3_49",0.25,1237
"RC3",21,"RC3_21",37.9375,1238
"RS1",21,"RS1_21",58.375,1239
"MA1",50,"MA1_50",0.625,1240
"RC3",50,"RC3_50",1.5625,1241
"FE6",21,"FE6_21",152.5625,1242
"MS2",21,"MS2_21",20.8125,1243
"MF1",21,"MF1_21",63.5,1244
"NDI",21,"NDI_21",1.125,1245
"FE6",13,"FE6_13",10.75,1246
"MA1",21,"MA1_21",0.8125,1247
"MA1",49,"MA1_49",0.875,1248
"RE3",21,"RE3_21",18.125,1249
"RB1",21,"RB1_21",53.1875,1250
"FE5",21,"FE5_21",25.5625,1251
"RC3",13,"RC3_13",2.5625,1252
"RP1",21,"RP1_21",55,1253
"NDI",50,"NDI_50",0.3125,1254
"RB1",36,"RB1_36",25.875,1255
"MJ1",18,"MJ1_18",940.625,1256
"FE2",21,"FE2_21",519.25,1257
"MJ1",16,"MJ1_16",880.1875,1258
"MJ2",16,"MJ2_16",183.125,1259
"RP1",18,"RP1_18",131.75,1260
"RS1",16,"RS1_16",65.3125,1261
"FE3",16,"FE3_16",562.75,1262
"RS1",18,"RS1_18",88.875,1263
"FE3",18,"FE3_18",512.5,1264
"RP1",16,"RP1_16",236.9375,1265
"RS2",18,"RS2_18",86.6875,1266
"FE6",16,"FE6_16",152.625,1267
"MJ2",18,"MJ2_18",416.3125,1268
"MF1",42,"MF1_42",0.625,1269
"RC3",16,"RC3_16",8.8125,1270
"FE6",18,"FE6_18",75.0625,1271
"RB1",46,"RB1_46",0.0625,1272
"FO1",21,"FO1_21",3.875,1273
"RC3",18,"RC3_18",6.625,1274
"MS2",18,"MS2_18",7.25,1275
"FE6",33,"FE6_33",3.0625,1276
"RE2",21,"RE2_21",19.5625,1277
"MJ2",55,"MJ2_55",1,1278
"RE3",18,"RE3_18",30.125,1279
"MJ1",55,"MJ1_55",2.6875,1280
"MJ1",12,"MJ1_12",666.4375,1281
"MS1",12,"MS1_12",3.8125,1282
"FE2",12,"FE2_12",258.5,1283
"MF1",18,"MF1_18",4.375,1284
"FE3",12,"FE3_12",19.625,1285
"MJ2",12,"MJ2_12",290.5,1286
"MJ2",62,"MJ2_62",0.4375,1287
"MF1",36,"MF1_36",0.375,1288
"FE5",13,"FE5_13",1.8125,1289
"FE2",55,"FE2_55",0.375,1290
"RE3",33,"RE3_33",1.875,1291
"MJ1",62,"MJ1_62",0.125,1292
"RC3",12,"RC3_12",12.5,1293
"FC1",16,"FC1_16",26.9375,1294
"FE5",33,"FE5_33",1,1295
"RS1",12,"RS1_12",10.5,1296
"RE2",18,"RE2_18",19.875,1297
"RC3",52,"RC3_52",0.125,1298
"RE2",36,"RE2_36",5.1875,1299
"RS2",16,"RS2_16",23,1300
"FO1",13,"FO1_13",1.0625,1301
"FC1",18,"FC1_18",1.0625,1302
"FC1",21,"FC1_21",11.9375,1303
"FE4",12,"FE4_12",0.25,1304
"RB1",12,"RB1_12",14.125,1305
"RC3",34,"RC3_34",21.5625,1306
"MJ2",34,"MJ2_34",571.3125,1307
"MJ1",34,"MJ1_34",847.625,1308
"RE3",16,"RE3_16",8.375,1309
"FE3",34,"FE3_34",311.75,1310
"FE5",18,"FE5_18",2.5625,1311
"RS1",34,"RS1_34",61,1312
"FE2",18,"FE2_18",3,1313
"RS1",55,"RS1_55",0.1875,1314
"MJ1",201,"MJ1_201",27.25,1315
"FE2",201,"FE2_201",17.75,1316
"RS1",201,"RS1_201",0.125,1317
"MJ1",28,"MJ1_28",1497.0625,1318
"RC3",55,"RC3_55",0.5,1319
"MJ2",28,"MJ2_28",930.625,1320
"RS2",12,"RS2_12",0.1875,1321
"MJ2",201,"MJ2_201",6,1322
"MF1",12,"MF1_12",14.5625,1323
"FE3",28,"FE3_28",723,1324
"RE3",12,"RE3_12",19.375,1325
"RE3",28,"RE3_28",25.6875,1326
"MS2",16,"MS2_16",2,1327
"MS6",12,"MS6_12",0.0625,1328
"RE3",34,"RE3_34",12.5,1329
"RE2",34,"RE2_34",0.3125,1330
"RB1",34,"RB1_34",184.6875,1331
"MS2",28,"MS2_28",46.75,1332
"MF1",201,"MF1_201",0.0625,1333
"RS2",28,"RS2_28",54,1334
"RP1",28,"RP1_28",20.375,1335
"RP1",12,"RP1_12",7.125,1336
"RE3",201,"RE3_201",1.625,1337
"RE2",16,"RE2_16",0.9375,1338
"MF1",16,"MF1_16",1.6875,1339
"RP1",33,"RP1_33",0.625,1340
"RS1",28,"RS1_28",22.5,1341
"MA1",16,"MA1_16",0.75,1342
"RE2",28,"RE2_28",24.625,1343
"MF1",55,"MF1_55",0.1875,1344
"MF1",34,"MF1_34",0.375,1345
"FE6",201,"FE6_201",0.125,1346
"FO1",201,"FO1_201",1.4375,1347
"MF1",5,"MF1_5",115.875,1348
"MJ2",5,"MJ2_5",9.5,1349
"MA1",28,"MA1_28",1.875,1350
"MJ1",5,"MJ1_5",505.5625,1351
"RB1",5,"RB1_5",91.5625,1352
"RS2",5,"RS2_5",4,1353
"RC3",5,"RC3_5",46.25,1354
"RE3",5,"RE3_5",1.75,1355
"FO1",29,"FO1_29",0.3125,1356
"MF1",28,"MF1_28",1.75,1357
"FE2",5,"FE2_5",331.625,1358
"RS1",5,"RS1_5",84.0625,1359
"RS2",19,"RS2_19",124.875,1360
"MJ2",19,"MJ2_19",348.625,1361
"RP1",5,"RP1_5",110.625,1362
"RC3",201,"RC3_201",0.0625,1363
"FE3",19,"FE3_19",365.375,1364
"MJ1",19,"MJ1_19",1073.375,1365
"MJ1",24,"MJ1_24",508.0625,1366
"RE3",19,"RE3_19",20.8125,1367
"FE3",24,"FE3_24",431.25,1368
"FE6",5,"FE6_5",194.5625,1369
"RP1",19,"RP1_19",195.6875,1370
"MJ2",24,"MJ2_24",163.8125,1371
"RB1",28,"RB1_28",20.0625,1372
"FE6",19,"FE6_19",289.8125,1373
"RS1",19,"RS1_19",42.75,1374
"RC3",28,"RC3_28",3.8125,1375
"FO1",5,"FO1_5",1.875,1376
"FC1",19,"FC1_19",110.3125,1377
"FO1",12,"FO1_12",4.5625,1378
"RC3",24,"RC3_24",8.875,1379
"RC3",19,"RC3_19",6.5625,1380
"RS1",24,"RS1_24",20.8125,1381
"MF1",19,"MF1_19",20.875,1382
"RE2",19,"RE2_19",14.125,1383
"MJ1",11,"MJ1_11",618.5625,1384
"MJ2",11,"MJ2_11",815.375,1385
"NDI",28,"NDI_28",0.75,1386
"FE2",11,"FE2_11",181.875,1387
"MS2",24,"MS2_24",12,1388
"FE2",24,"FE2_24",186.25,1389
"RC3",11,"RC3_11",21,1390
"MF1",24,"MF1_24",7.6875,1391
"RE3",11,"RE3_11",44.375,1392
"FE2",19,"FE2_19",84.3125,1393
"RS2",24,"RS2_24",18.5,1394
"MJ1",25,"MJ1_25",1038.5,1395
"FE2",25,"FE2_25",657.1875,1396
"FO1",19,"FO1_19",0.75,1397
"FE5",19,"FE5_19",6.5625,1398
"FO1",28,"FO1_28",1,1399
"FE6",11,"FE6_11",6.375,1400
"FC1",5,"FC1_5",46.0625,1401
"MJ2",25,"MJ2_25",115.1875,1402
"MJ1",7,"MJ1_7",404.4375,1403
"FE2",7,"FE2_7",325.875,1404
"MJ2",7,"MJ2_7",234.25,1405
"FE5",5,"FE5_5",2.125,1406
"RB1",7,"RB1_7",23.4375,1407
"FE2",20,"FE2_20",742.9375,1408
"MJ1",20,"MJ1_20",737.3125,1409
"MF1",11,"MF1_11",30.5,1410
"RC3",20,"RC3_20",14.3125,1411
"RC3",25,"RC3_25",10.125,1412
"FE5",24,"FE5_24",23.75,1413
"FE6",12,"FE6_12",1.75,1414
"FE6",20,"FE6_20",633.875,1415
"RS1",20,"RS1_20",29,1416
"RE3",24,"RE3_24",1.5625,1417
"RS1",25,"RS1_25",39.0625,1418
"FE3",20,"FE3_20",183.25,1419
"FE3",25,"FE3_25",129.9375,1420
"FC1",13,"FC1_13",0.125,1421
"MJ2",20,"MJ2_20",21.9375,1422
"MF1",20,"MF1_20",40.25,1423
"RB1",24,"RB1_24",9.5,1424
"MJ2",27,"MJ2_27",425.125,1425
"MJ1",27,"MJ1_27",1041,1426
"RP1",20,"RP1_20",308.6875,1427
"RE3",27,"RE3_27",3.1875,1428
"FE3",27,"FE3_27",563,1429
"RE3",7,"RE3_7",8.5625,1430
"RP1",11,"RP1_11",6.125,1431
"FO1",11,"FO1_11",27.8125,1432
"RP1",7,"RP1_7",35.5625,1433
"FC1",20,"FC1_20",185.75,1434
"MA1",24,"MA1_24",0.625,1435
"RB1",25,"RB1_25",46.8125,1436
"RC3",27,"RC3_27",3.375,1437
"MS2",34,"MS2_34",57.75,1438
"MS2",19,"MS2_19",4.625,1439
"RS2",20,"RS2_20",15.5625,1440
"RE3",35,"RE3_35",35.6875,1441
"FE2",28,"FE2_28",24.25,1442
"RS1",27,"RS1_27",54.5,1443
"RS1",35,"RS1_35",62.4375,1444
"RP1",25,"RP1_25",39.5,1445
"MJ2",35,"MJ2_35",236.375,1446
"MS2",20,"MS2_20",5.5625,1447
"RB1",11,"RB1_11",7.625,1448
"RC3",35,"RC3_35",18.375,1449
"RB1",35,"RB1_35",59.6875,1450
"MF1",25,"MF1_25",12.25,1451
"RS1",11,"RS1_11",57.5625,1452
"RB1",27,"RB1_27",2.5625,1453
"MS2",35,"MS2_35",1.25,1454
"FC1",11,"FC1_11",0.125,1455
"MJ1",35,"MJ1_35",258.125,1456
"RE3",20,"RE3_20",4.0625,1457
"FO1",24,"FO1_24",0.3125,1458
"RS2",27,"RS2_27",6.1875,1459
"FE3",35,"FE3_35",108.6875,1460
"MS2",27,"MS2_27",20.8125,1461
"RE3",25,"RE3_25",1.0625,1462
"FE6",25,"FE6_25",105.1875,1463
"FE3",5,"FE3_5",0.3125,1464
"RP1",27,"RP1_27",15.25,1465
"RP1",24,"RP1_24",2.6875,1466
"FE5",20,"FE5_20",72.875,1467
"FO1",20,"FO1_20",0.6875,1468
"FE5",11,"FE5_11",0.25,1469
"MA1",27,"MA1_27",0.9375,1470
"MF1",35,"MF1_35",0.6875,1471
"NDI",27,"NDI_27",0.5,1472
"MF1",33,"MF1_33",3.6875,1473
"RC3",7,"RC3_7",3.25,1474
"FE5",16,"FE5_16",1.125,1475
"RS2",25,"RS2_25",0.5,1476
"FC1",25,"FC1_25",11.6875,1477
"MF1",7,"MF1_7",8.125,1478
"MF1",27,"MF1_27",0.625,1479
"FE6",7,"FE6_7",9.6875,1480
"FO1",7,"FO1_7",46,1481
"RS1",7,"RS1_7",10.8125,1482
"FE6",28,"FE6_28",9.8125,1483
"FE3",7,"FE3_7",0.875,1484
"RS2",34,"RS2_34",0.6875,1485
"FC1",7,"FC1_7",0.75,1486
"RE2",20,"RE2_20",1.8125,1487
"MS4",34,"MS4_34",0.8125,1488
"FE6",24,"FE6_24",1.3125,1489
"RE2",27,"RE2_27",0.375,1490
"MA1",33,"MA1_33",0.375,1491
"FE5",25,"FE5_25",7.4375,1492
"NDI",24,"NDI_24",0.125,1493
"FE2",16,"FE2_16",0.75,1494
"FE3",22,"FE3_22",298.0625,1495
"MJ1",22,"MJ1_22",525.9375,1496
"FE2",22,"FE2_22",554.875,1497
"FE5",22,"FE5_22",99.4375,1498
"FE6",22,"FE6_22",172.4375,1499
"RE2",35,"RE2_35",25.375,1500
"MJ2",22,"MJ2_22",39.125,1501
"RS1",22,"RS1_22",21.75,1502
"RC3",22,"RC3_22",23,1503
"RB1",22,"RB1_22",15,1504
"RS1",23,"RS1_23",40.375,1505
"FE3",23,"FE3_23",625,1506
"MJ1",23,"MJ1_23",653.625,1507
"FE5",23,"FE5_23",44.5625,1508
"RP1",22,"RP1_22",54.6875,1509
"MF1",22,"MF1_22",20.3125,1510
"NDI",23,"NDI_23",0.3125,1511
"MJ2",23,"MJ2_23",106.25,1512
"FE5",28,"FE5_28",0.0625,1513
"FE3",11,"FE3_11",0.6875,1514
"FE2",23,"FE2_23",523.8125,1515
"MA1",23,"MA1_23",1.0625,1516
"LA4",27,"LA4_27",0.0625,1517
"RB1",20,"RB1_20",17.4375,1518
"FE6",23,"FE6_23",138.75,1519
"RC3",23,"RC3_23",24.4375,1520
"FO1",25,"FO1_25",4.5625,1521
"FC1",22,"FC1_22",32.375,1522
"MA1",25,"MA1_25",0.5,1523
"MF1",23,"MF1_23",18.875,1524
"RE3",23,"RE3_23",2.25,1525
"FC1",28,"FC1_28",1.25,1526
"FO1",10,"FO1_10",82.4375,1527
"RS2",23,"RS2_23",5.25,1528
"MJ1",10,"MJ1_10",317.5625,1529
"RB1",23,"RB1_23",35.5,1530
"MS2",23,"MS2_23",2,1531
"RP1",23,"RP1_23",10.875,1532
"FE2",10,"FE2_10",118.1875,1533
"MJ1",26,"MJ1_26",647.75,1534
"FE3",26,"FE3_26",687.3125,1535
"RP1",26,"RP1_26",6.875,1536
"RE2",23,"RE2_23",0.375,1537
"FE2",27,"FE2_27",6.3125,1538
"RS1",26,"RS1_26",36.125,1539
"RB1",26,"RB1_26",28.4375,1540
"RE2",7,"RE2_7",0.5,1541
"MJ2",26,"MJ2_26",117.5625,1542
"FE6",27,"FE6_27",0.625,1543
"RC3",26,"RC3_26",7.4375,1544
"FO1",26,"FO1_26",3.25,1545
"FE6",26,"FE6_26",28.1875,1546
"RS2",35,"RS2_35",0.375,1547
"FE2",26,"FE2_26",44.3125,1548
"FC1",27,"FC1_27",0.4375,1549
"RB1",10,"RB1_10",0.75,1550
"FO1",33,"FO1_33",1.5,1551
"MF1",26,"MF1_26",2.5,1552
"RE3",26,"RE3_26",3.3125,1553
"MA1",26,"MA1_26",0.8125,1554
"FC1",26,"FC1_26",1.1875,1555
"FE2",32,"FE2_32",118.8125,1556
"MJ2",32,"MJ2_32",227.875,1557
"MA1",22,"MA1_22",0.3125,1558
"RS2",26,"RS2_26",9.375,1559
"RB1",32,"RB1_32",470.4375,1560
"MJ1",32,"MJ1_32",464.4375,1561
"FE5",26,"FE5_26",1.8125,1562
"FE3",32,"FE3_32",290.9375,1563
"FE2",34,"FE2_34",0.4375,1564
"RC3",32,"RC3_32",11.375,1565
"FC1",23,"FC1_23",12.75,1566
"MJ2",10,"MJ2_10",66.8125,1567
"NDI",26,"NDI_26",0.5,1568
"FE5",32,"FE5_32",4.125,1569
"RS1",32,"RS1_32",45.5625,1570
"FE1",1,"FE1_1",167.9375,1571
"MJ1",1,"MJ1_1",331.4375,1572
"FE6",1,"FE6_1",42.4375,1573
"FO1",23,"FO1_23",3.3125,1574
"RP1",1,"RP1_1",127.3125,1575
"MF1",1,"MF1_1",76.125,1576
"MF1",32,"MF1_32",10.9375,1577
"RS1",1,"RS1_1",56.125,1578
"MJ2",31,"MJ2_31",1122.875,1579
"RS1",31,"RS1_31",294.25,1580
"RB1",31,"RB1_31",727.3125,1581
"FE5",1,"FE5_1",25.0625,1582
"FC1",1,"FC1_1",22.625,1583
"FE1",20,"FE1_20",0.875,1584
"RB1",1,"RB1_1",90.3125,1585
"FE3",31,"FE3_31",700.875,1586
"MJ1",31,"MJ1_31",1074.5,1587
"RC3",31,"RC3_31",101.125,1588
"NDI",22,"NDI_22",0.125,1589
"FE2",1,"FE2_1",10.375,1590
"RC3",10,"RC3_10",0.125,1591
"RE3",31,"RE3_31",15.25,1592
"RC3",1,"RC3_1",14.0625,1593
"RE3",1,"RE3_1",2.9375,1594
"FO1",1,"FO1_1",50.3125,1595
"FE6",10,"FE6_10",5.5625,1596
"MA1",32,"MA1_32",0.375,1597
"RP1",31,"RP1_31",4,1598
"RP1",10,"RP1_10",2.25,1599
"RE3",32,"RE3_32",1.6875,1600
"FO1",32,"FO1_32",4.5,1601
"MA1",11,"MA1_11",0.0625,1602
"MS2",26,"MS2_26",0.375,1603
"RS1",10,"RS1_10",2.25,1604
"RE3",22,"RE3_22",1,1605
"RS2",22,"RS2_22",1.9375,1606
"RS2",31,"RS2_31",0.25,1607
"FE2",31,"FE2_31",182.25,1608
"MJ2",9,"MJ2_9",170.3125,1609
"MS2",25,"MS2_25",0.25,1610
"FE2",9,"FE2_9",230.375,1611
"MJ1",9,"MJ1_9",593.6875,1612
"RE2",31,"RE2_31",1.75,1613
"RP1",9,"RP1_9",6.0625,1614
"FO1",3,"FO1_3",172.0625,1615
"FO1",9,"FO1_9",31.375,1616
"FE6",6,"FE6_6",430.875,1617
"FC1",6,"FC1_6",125,1618
"FO1",22,"FO1_22",0.375,1619
"FE2",6,"FE2_6",670.25,1620
"MJ1",6,"MJ1_6",361.1875,1621
"RC3",4,"RC3_4",12.375,1622
"FE2",4,"FE2_4",207.9375,1623
"RP1",4,"RP1_4",48.9375,1624
"RB1",4,"RB1_4",41.125,1625
"FE6",4,"FE6_4",316.6875,1626
"MJ1",4,"MJ1_4",148.875,1627
"MA1",3,"MA1_3",0.4375,1628
"MF1",4,"MF1_4",21.125,1629
"MF1",6,"MF1_6",21.75,1630
"RC3",9,"RC3_9",3.5,1631
"MA1",31,"MA1_31",0.6875,1632
"RS1",4,"RS1_4",18.25,1633
"FC1",4,"FC1_4",107.375,1634
"RP1",6,"RP1_6",52.3125,1635
"NDI",3,"NDI_3",1.8125,1636
"RE3",9,"RE3_9",1.875,1637
"RS1",9,"RS1_9",10.3125,1638
"MF1",31,"MF1_31",25.375,1639
"RC3",6,"RC3_6",6.5625,1640
"MF1",9,"MF1_9",9.4375,1641
"MJ1",3,"MJ1_3",281.1875,1642
"FE2",3,"FE2_3",60.25,1643
"RB1",9,"RB1_9",2.9375,1644
"RB1",6,"RB1_6",57.625,1645
"MF1",3,"MF1_3",29.875,1646
"FE6",3,"FE6_3",28.4375,1647
"FE5",4,"FE5_4",5.875,1648
"RP1",32,"RP1_32",9.0625,1649
"RE3",10,"RE3_10",0.6875,1650
"RS2",4,"RS2_4",0.4375,1651
"FE1",3,"FE1_3",551.8125,1652
"RS1",6,"RS1_6",16.75,1653
"FE5",7,"FE5_7",0.0625,1654
"MF1",10,"MF1_10",0.5,1655
"RP1",3,"RP1_3",32.75,1656
"RE3",4,"RE3_4",0.4375,1657
"MJ2",4,"MJ2_4",0.5625,1658
"FE3",6,"FE3_6",0.25,1659
"FE6",9,"FE6_9",3.375,1660
"FE6",32,"FE6_32",0.3125,1661
"RC3",3,"RC3_3",1.5,1662
"RS1",3,"RS1_3",12.1875,1663
"MJ2",3,"MJ2_3",46.375,1664
"MJ1",8,"MJ1_8",1855.5625,1665
"RB1",8,"RB1_8",484.5,1666
"FE2",8,"FE2_8",1672.375,1667
"RS1",8,"RS1_8",339.75,1668
"RE3",6,"RE3_6",0.625,1669
"RC3",8,"RC3_8",81.875,1670
"MJ2",8,"MJ2_8",515.875,1671
"FO1",8,"FO1_8",17.5625,1672
"FE1",10,"FE1_10",5.9375,1673
"FE1",4,"FE1_4",3.1875,1674
"MF1",8,"MF1_8",126.0625,1675
"FE5",8,"FE5_8",5.9375,1676
"FE5",6,"FE5_6",4.0625,1677
"FE3",8,"FE3_8",148.4375,1678
"FO1",6,"FO1_6",0.875,1679
"NDI",25,"NDI_25",0.1875,1680
"MJ1",30,"MJ1_30",469.4375,1681
"FE3",30,"FE3_30",555.6875,1682
"MJ2",30,"MJ2_30",175.9375,1683
"RS1",30,"RS1_30",44.0625,1684
"RE3",3,"RE3_3",0.5,1685
"MF1",30,"MF1_30",2.9375,1686
"RS2",32,"RS2_32",0.125,1687
"RP1",8,"RP1_8",27.4375,1688
"RC3",30,"RC3_30",15.375,1689
"FC1",9,"FC1_9",0.0625,1690
"MJ2",6,"MJ2_6",1.75,1691
"RB1",3,"RB1_3",5.3125,1692
"FE1",6,"FE1_6",9.1875,1693
"FE5",9,"FE5_9",0.125,1694
"RE3",8,"RE3_8",7.375,1695
"MA1",6,"MA1_6",0.0625,1696
"RE3",30,"RE3_30",0.25,1697
"FO1",30,"FO1_30",0.0625,1698
"FO1",31,"FO1_31",0.6875,1699
"RB1",30,"RB1_30",118.75,1700
"MS2",31,"MS2_31",2.3125,1701
"FE1",9,"FE1_9",13,1702
"FE5",3,"FE5_3",0.3125,1703
"FE1",2,"FE1_2",679.6875,1704
"FO1",2,"FO1_2",204.25,1705
"MJ1",2,"MJ1_2",257.25,1706
"FE6",2,"FE6_2",9.9375,1707
"NDI",2,"NDI_2",2.1875,1708
"FC1",2,"FC1_2",4.125,1709
"FE2",2,"FE2_2",23.4375,1710
"RP1",2,"RP1_2",43.3125,1711
"FE6",8,"FE6_8",10.8125,1712
"FC1",3,"FC1_3",2.25,1713
"MF1",2,"MF1_2",6.8125,1714
"RS1",2,"RS1_2",26.9375,1715
"FE2",30,"FE2_30",8.875,1716
"RB1",2,"RB1_2",32.375,1717
"MJ2",2,"MJ2_2",24.4375,1718
"MS2",30,"MS2_30",25.625,1719
"MS4",30,"MS4_30",2.5625,1720
"RC3",2,"RC3_2",2.5625,1721
"MS4",8,"MS4_8",0.625,1722
"FE1",8,"FE1_8",5.0625,1723
"RE3",2,"RE3_2",1.375,1724
"MA1",2,"MA1_2",0.0625,1725
"MS2",8,"MS2_8",0.875,1726
"FE4",30,"FE4_30",0.0625,1727
"RP1",30,"RP1_30",0.125,1728
